{
  "GameObjects": [
    {
      "modelName": "flag", 
      "orientation": [
        0.3771363367481467, 
        0.0, 
        0.9261577530335686, 
        0.0
      ], 
      "position": [
        11.715895364017985, 
        0.0, 
        -17.868513264036203
      ], 
      "scale": [
        1, 
        1, 
        1
      ], 
      "type": "EndLevelCollectable"
    }, 
    {
      "attackDamage": 20, 
      "attackDistance": 30, 
      "attackSpeed": 15, 
      "health": 500, 
      "maxHealth": 500, 
      "modelName": "warTower", 
      "orientation": [
        0.8816885837462006, 
        0.0, 
        0.47183179343026366, 
        0.0
      ], 
      "position": [
        -16.548806073081252, 
        2.842170943040401e-14, 
        -27.011059502387297
      ], 
      "scale": [
        1, 
        1, 
        1
      ], 
      "type": "EnemyTower"
    }, 
    {
      "health": 100, 
      "maxHealth": 100, 
      "modelName": "duck", 
      "orientation": [
        1.0, 
        0.0, 
        0.0, 
        0.0
      ], 
      "position": [
        0.0, 
        0.0, 
        0.0
      ], 
      "scale": [
        1, 
        1, 
        1
      ], 
      "type": "PlayerCharacter", 
      "uniformMovementSpeed": 0.35
    }, 
    {
      "modelName": "floor", 
      "orientation": [
        1.0, 
        0.0, 
        0.0, 
        0.0
      ], 
      "position": [
        0.0, 
        0.0, 
        0.0
      ], 
      "scale": [
        1, 
        1, 
        1
      ], 
      "type": "StaticEnvironmentObject"
    }
  ]
}